<annotation>
	<folder>jpg</folder>
	<filename>frame_40.jpg</filename>
	<path>/Users/sarahmauff/Documents/HdM/WS2022:23/Wall-E/Wall-E/Bilder/train/jpg/frame_40.jpg</path>
	<source>
		<database>Unknown</database>
	</source>
	<size>
		<width>640</width>
		<height>480</height>
		<depth>3</depth>
	</size>
	<segmented>0</segmented>
	<object>
		<name>30</name>
		<pose>Unspecified</pose>
		<truncated>1</truncated>
		<difficult>0</difficult>
		<bndbox>
			<xmin>604</xmin>
			<ymin>96</ymin>
			<xmax>640</xmax>
			<ymax>174</ymax>
		</bndbox>
	</object>
	<object>
		<name>no30</name>
		<pose>Unspecified</pose>
		<truncated>0</truncated>
		<difficult>0</difficult>
		<bndbox>
			<xmin>419</xmin>
			<ymin>126</ymin>
			<xmax>450</xmax>
			<ymax>156</ymax>
		</bndbox>
	</object>
	<object>
		<name>stop</name>
		<pose>Unspecified</pose>
		<truncated>0</truncated>
		<difficult>0</difficult>
		<bndbox>
			<xmin>163</xmin>
			<ymin>127</ymin>
			<xmax>193</xmax>
			<ymax>163</ymax>
		</bndbox>
	</object>
</annotation>
