<annotation>
	<folder>jpg</folder>
	<filename>frame_35.jpg</filename>
	<path>/Users/sarahmauff/Documents/HdM/WS2022:23/Wall-E/Wall-E/Bilder/train/jpg/frame_35.jpg</path>
	<source>
		<database>Unknown</database>
	</source>
	<size>
		<width>640</width>
		<height>480</height>
		<depth>3</depth>
	</size>
	<segmented>0</segmented>
	<object>
		<name>stop</name>
		<pose>Unspecified</pose>
		<truncated>0</truncated>
		<difficult>0</difficult>
		<bndbox>
			<xmin>166</xmin>
			<ymin>54</ymin>
			<xmax>265</xmax>
			<ymax>156</ymax>
		</bndbox>
	</object>
	<object>
		<name>30</name>
		<pose>Unspecified</pose>
		<truncated>0</truncated>
		<difficult>0</difficult>
		<bndbox>
			<xmin>70</xmin>
			<ymin>132</ymin>
			<xmax>103</xmax>
			<ymax>168</ymax>
		</bndbox>
	</object>
	<object>
		<name>no30</name>
		<pose>Unspecified</pose>
		<truncated>0</truncated>
		<difficult>0</difficult>
		<bndbox>
			<xmin>6</xmin>
			<ymin>151</ymin>
			<xmax>29</xmax>
			<ymax>172</ymax>
		</bndbox>
	</object>
</annotation>
