<annotation>
	<folder>jpg</folder>
	<filename>frame_36.jpg</filename>
	<path>/Users/sarahmauff/Documents/HdM/WS2022:23/Wall-E/Wall-E/Bilder/train/jpg/frame_36.jpg</path>
	<source>
		<database>Unknown</database>
	</source>
	<size>
		<width>640</width>
		<height>480</height>
		<depth>3</depth>
	</size>
	<segmented>0</segmented>
	<object>
		<name>no30</name>
		<pose>Unspecified</pose>
		<truncated>0</truncated>
		<difficult>0</difficult>
		<bndbox>
			<xmin>82</xmin>
			<ymin>140</ymin>
			<xmax>109</xmax>
			<ymax>162</ymax>
		</bndbox>
	</object>
	<object>
		<name>30</name>
		<pose>Unspecified</pose>
		<truncated>0</truncated>
		<difficult>0</difficult>
		<bndbox>
			<xmin>143</xmin>
			<ymin>122</ymin>
			<xmax>186</xmax>
			<ymax>159</ymax>
		</bndbox>
	</object>
	<object>
		<name>stop</name>
		<pose>Unspecified</pose>
		<truncated>0</truncated>
		<difficult>0</difficult>
		<bndbox>
			<xmin>240</xmin>
			<ymin>12</ymin>
			<xmax>380</xmax>
			<ymax>147</ymax>
		</bndbox>
	</object>
</annotation>
