<annotation>
	<folder>jpg</folder>
	<filename>frame_23.jpg</filename>
	<path>/Users/sarahmauff/Documents/HdM/WS2022:23/Wall-E/Wall-E/Bilder/train/jpg/frame_23.jpg</path>
	<source>
		<database>Unknown</database>
	</source>
	<size>
		<width>640</width>
		<height>480</height>
		<depth>3</depth>
	</size>
	<segmented>0</segmented>
	<object>
		<name>stop</name>
		<pose>Unspecified</pose>
		<truncated>0</truncated>
		<difficult>0</difficult>
		<bndbox>
			<xmin>552</xmin>
			<ymin>92</ymin>
			<xmax>630</xmax>
			<ymax>176</ymax>
		</bndbox>
	</object>
</annotation>
