<annotation>
	<folder>jpg</folder>
	<filename>frame_31.jpg</filename>
	<path>/Users/sarahmauff/Documents/HdM/WS2022:23/Wall-E/Wall-E/Bilder/train/jpg/frame_31.jpg</path>
	<source>
		<database>Unknown</database>
	</source>
	<size>
		<width>640</width>
		<height>480</height>
		<depth>3</depth>
	</size>
	<segmented>0</segmented>
	<object>
		<name>30</name>
		<pose>Unspecified</pose>
		<truncated>0</truncated>
		<difficult>0</difficult>
		<bndbox>
			<xmin>392</xmin>
			<ymin>72</ymin>
			<xmax>472</xmax>
			<ymax>164</ymax>
		</bndbox>
	</object>
</annotation>
